x,y,u,v,p
-0.25,-0.25,0.7452434639640797,0.0003915774104625708,0.30120610288012106
-0.225,-0.25,0.7454296051307046,-2.005387145860571e-05,0.298968094189602
-0.2,-0.25,0.7458982450249532,-0.00031131135006341737,0.2968417987034402
-0.17500000000000002,-0.25,0.7466882371973498,-0.0005006200111068448,0.29484020581413883
-0.15000000000000002,-0.25,0.7478043828401366,-0.0006137120939215812,0.292964935004243
-0.12500000000000003,-0.25,0.7492238395160316,-0.0006701762799942862,0.29121004223264846
-0.10000000000000003,-0.25,0.7509047964423672,-0.0006836383182662331,0.2895658569599254
-0.07500000000000004,-0.25,0.7527961063459676,-0.0006653987266888317,0.28802186299859694
-0.050000000000000044,-0.25,0.7548453161058655,-0.000626321391314813,0.28656836462793017
-0.02500000000000005,-0.25,0.7570037871372561,-0.0005765713825733876,0.28519715782916555
-5.551115123125783e-17,-0.25,0.7592291292878852,-0.0005245380811139261,0.2839015830740641
0.02499999999999991,-0.25,0.7614858498504831,-0.00047602410095383407,0.28267628722515004
0.04999999999999993,-0.25,0.7637450724009023,-0.00043407148968058196,0.28151690485142056
0.07499999999999996,-0.25,0.765983877110032,-0.00039933189879898245,0.2804197642405018
0.09999999999999992,-0.25,0.7681845425562938,-0.000370731832945545,0.2793816556346738
0.12499999999999989,-0.25,0.77033380478634,-0.0003462045019303889,0.27839966463978727
0.1499999999999999,-0.25,0.772422171124904,-0.00032333873067125207,0.27747106026062335
0.17499999999999993,-0.25,0.7744432960700911,-0.0002998727811731744,0.27659322422899724
0.1999999999999999,-0.25,0.7763934178343321,-0.0002740168136580734,0.2757636097999142
0.22499999999999987,-0.25,0.7782708529297048,-0.00024462083960952175,0.2749797207978181
0.2499999999999999,-0.25,0.7800755468670603,-0.00021122047975588587,0.2742391041201884
0.2749999999999999,-0.25,0.781808679576915,-0.0001739965830111767,0.273539350805204
0.2999999999999998,-0.25,0.7834723241357272,-0.00013368174667978405,0.2728781021669862
0.32499999999999984,-0.25,0.785069156885116,-9.144058371532426e-05,0.27225305851639975
0.34999999999999987,-0.25,0.7866022162857107,-4.874353482786642e-05,0.27166198873143765
0.3749999999999999,-0.25,0.788074707063358,-7.2474633142777245e-06,0.2711027395001858
0.3999999999999999,-0.25,0.7894898455393908,3.130916038208975e-05,0.2705732434828438
0.4249999999999998,-0.25,0.7908507415786419,6.519279247364784e-05,0.2700715259592351
0.44999999999999984,-0.25,0.7921603123710119,9.274225095917688e-05,0.26959570976556146
0.47499999999999987,-0.25,0.7934212232728309,0.00011241807108224033,0.2691440184942512
0.4999999999999998,-0.25,0.794635851134674,0.00012283583663125208,0.26871477804641486
0.5249999999999998,-0.25,0.795806265882192,0.00012278600677767537,0.26830641669891214
0.5499999999999998,-0.25,0.7969342265444153,0.00011124284122075723,0.26791746388736454
0.5749999999999998,-0.25,0.798021188394586,8.736487667536375e-05,0.2675465479213537
0.5999999999999999,-0.25,0.7990683183458305,5.048913270457034e-05,0.26719239284585194
0.6249999999999998,-0.25,0.8000765162019498,1.208978432781782e-07,0.26685381464952096
0.6499999999999998,-0.25,0.8010464397858184,-6.407938549080061e-05,0.26652971700051786
0.6749999999999998,-0.25,0.8019785323450807,-0.00014231092936724254,0.2662190866672324
0.6999999999999997,-0.25,0.8028730509638669,-0.0002346481689089741,0.26592098875733344
0.7249999999999998,-0.25,0.8037300949905846,-0.00034105639191933657,0.26563456188526563
0.7499999999999998,-0.25,0.8045496337285403,-0.0004614069237091484,0.2653590133568575
-0.25,-0.225,0.7479746003468366,0.0002905985126242655,0.2998538254049639
-0.225,-0.225,0.7482645941907882,-0.0004034344504631471,0.29772298242247003
-0.2,-0.225,0.7488988408010242,-0.001026095278677544,0.29568625408918653
-0.17500000000000002,-0.225,0.7498942267308981,-0.0015575675603255873,0.29375608408538406
-0.15000000000000002,-0.225,0.7512332740992727,-0.0019927762132836285,0.29193342174838954
-0.12500000000000003,-0.225,0.7528737723986672,-0.0023293807500996827,0.29021252760281424
-0.10000000000000003,-0.225,0.7547597469035057,-0.0025695531905460117,0.28858535806935426
-0.07500000000000004,-0.225,0.7568317454290591,-0.0027223478803535817,0.2870443289899396
-0.050000000000000044,-0.225,0.759033869670749,-0.002802365042419666,0.28558343024089333
-0.02500000000000005,-0.225,0.7613171558681153,-0.002826325851597228,0.2841982639686104
-5.551115123125783e-17,-0.225,0.7636404509123218,-0.002809909068463942,0.2828856174334377
0.02499999999999991,-0.225,0.7659700710726871,-0.0027659026062628184,0.2816429667943465
0.04999999999999993,-0.225,0.7682790470434995,-0.00270364204596861,0.28046808611327934
0.07499999999999996,-0.225,0.7705463062704989,-0.0026292964386158135,0.27935879742084224
0.09999999999999992,-0.225,0.772755898784344,-0.0025465587572488235,0.2783128378835332
0.12499999999999989,-0.225,0.7748962809138962,-0.0024574307248670657,0.2773278064643691
0.1499999999999999,-0.225,0.7769596500162529,-0.002362926696166487,0.2764011580234443
0.17499999999999993,-0.225,0.7789413247080008,-0.0022636200445449034,0.27553022279237693
0.1999999999999999,-0.225,0.7808391700489833,-0.00216001718114657,0.27471223770822617
0.22499999999999987,-0.225,0.7826530705361734,-0.002052777795127317,0.27394438190115905
0.2499999999999999,-0.225,0.7843844550336616,-0.0019428143322581526,0.27322381211774505
0.2749999999999999,-0.225,0.7860358773725216,-0.0018313064202042373,0.2725476958130693
0.2999999999999998,-0.225,0.7876106548856765,-0.001719662215483947,0.27191324071127265
0.32499999999999984,-0.225,0.7891125651296349,-0.0016094521113110133,0.2713177202363104
0.34999999999999987,-0.225,0.7905455989376654,-0.0015023331770049886,0.2707584945851276
0.3749999999999999,-0.225,0.7919137660877293,-0.001399976349173826,0.27023302746665745
0.3999999999999999,-0.225,0.7932209484617396,-0.0013040033044392357,0.2697388987102193
0.4249999999999998,-0.225,0.7944707947014676,-0.001215936211505092,0.26927381307450177
0.44999999999999984,-0.225,0.7956666500108205,-0.0011371610452747816,0.2688356056714194
0.47499999999999987,-0.225,0.7968115148302137,-0.0010689036060281126,0.2684222444633838
0.4999999999999998,-0.225,0.7979080265034417,-0.0010122165661512333,0.2680318303043627
0.5249999999999998,-0.225,0.798958458656055,-0.000967975538751234,0.26766259498157363
0.5499999999999998,-0.225,0.7999647337065805,-0.0009368821461603755,0.26731289768309197
0.5749999999999998,-0.225,0.8009284446603284,-0.0009194722290207374,0.26698122027365995
0.5999999999999999,-0.225,0.8018508830355702,-0.0009161275868138502,0.2666661617122287
0.6249999999999998,-0.225,0.8027330704100495,-0.0009270899193548204,0.26636643189452053
0.6499999999999998,-0.225,0.803575791635061,-0.0009524759105734165,0.26608084515534874
0.6749999999999998,-0.225,0.8043796282393445,-0.0009922926419063394,0.2658083136205149
0.6999999999999997,-0.225,0.8051449909384983,-0.0010464527344594687,0.26554784055803504
0.7249999999999998,-0.225,0.8058721504844255,-0.0011147887949618518,0.26529851384363257
0.7499999999999998,-0.225,0.8065612663428847,-0.0011970668822577218,0.2650594996259603
-0.25,-0.2,0.7479591841385308,0.00013178372137560845,0.2992255276530592
-0.225,-0.2,0.7483546713656251,-0.0009410349251624678,0.2971949606987663
-0.2,-0.2,0.7491999925547851,-0.0019625964403124085,0.2952290258480247
-0.17500000000000002,-0.2,0.7504738675925793,-0.0028733993199168556,0.293340156732892
-0.15000000000000002,-0.2,0.7521230301033972,-0.0036410048251383637,0.2915301459756316
-0.12500000000000003,-0.2,0.7540765782137431,-0.004247615189216528,0.28979610998875094
-0.10000000000000003,-0.2,0.7562587658978677,-0.004691411977259141,0.288135053394115
-0.07500000000000004,-0.2,0.7585984720339075,-0.00498556850831966,0.28654579843076533
-0.050000000000000044,-0.2,0.7610339103113264,-0.005152669032777196,0.28502890073050635
-0.02500000000000005,-0.2,0.7635136995495682,-0.005218308118991322,0.2835857333190802
-5.551115123125783e-17,-0.2,0.7659962050064852,-0.005206541501825784,0.28221758014232523
0.02499999999999991,-0.2,0.768448400496504,-0.005137624894724857,0.2809250669908894
0.04999999999999993,-0.2,0.770844738887396,-0.005027428976760229,0.27970793311199915
0.07499999999999996,-0.2,0.7731661327524347,-0.004887797173080438,0.27856503137319255
0.09999999999999992,-0.2,0.7753990333268252,-0.004727308058727481,0.27749444467318296
0.12499999999999989,-0.2,0.7775345850990442,-0.004552117342964776,0.2764936427443963
0.1499999999999999,-0.2,0.7795678430397972,-0.004366710101363899,0.2755596387249142
0.17499999999999993,-0.2,0.7814970478231713,-0.004174493900718973,0.27468912829058256
0.1999999999999999,-0.2,0.7833229597035445,-0.003978222566388259,0.2738786067039249
0.22499999999999987,-0.2,0.7850482549031518,-0.0037802712997745125,0.2731244646607598
0.2499999999999999,-0.2,0.7866769896273572,-0.003582796268424393,0.2724230656023089
0.2749999999999999,-0.2,0.7882141361686126,-0.0033878129646189165,0.27177080730964087
0.2999999999999998,-0.2,0.789665193365314,-0.003197222948860795,0.27116417021253886
0.32499999999999984,-0.2,0.7910358706622478,-0.0030128117210281302,0.27059975440729095
0.34999999999999987,-0.2,0.7923318419422141,-0.002836233582644815,0.27007430704123986
0.3749999999999999,-0.2,0.7935585627498696,-0.0026689935474637216,0.2695847414966341
0.3999999999999999,-0.2,0.7947211428198642,-0.0025124319715989774,0.2691281496567235
0.4249999999999998,-0.2,0.7958242650107643,-0.0023677145444677,0.2687018084247448
0.44999999999999984,-0.2,0.7968721417202659,-0.0022358283606831036,0.268303181565032
0.47499999999999987,-0.2,0.797868500416613,-0.0021175836908401274,0.26792991783166903
0.4999999999999998,-0.2,0.7988165908502181,-0.0020136205246635563,0.26757984624036746
0.5249999999999998,-0.2,0.7997192076184922,-0.0019244187677602415,0.26725096922562047
0.5499999999999998,-0.2,0.8005787229005369,-0.0018503109856294747,0.26694145431195554
0.5749999999999998,-0.2,0.8013971252590641,-0.0017914967069608823,0.26664962481976856
0.5999999999999999,-0.2,0.802176061368445,-0.0017480574608401689,0.26637395002634695
0.6249999999999998,-0.2,0.8029168783452364,-0.0017199718931915908,0.26611303511359724
0.6499999999999998,-0.2,0.803620665027855,-0.0017071304673594162,0.2658656111568198
0.6749999999999998,-0.2,0.8042882910851451,-0.0017093493932682918,0.2656305253436602
0.6999999999999997,-0.2,0.8049204432461299,-0.0017263835462772575,0.2654067315585659
0.7249999999999998,-0.2,0.8055176582544754,-0.0017579382311257719,0.2651932814246266
0.7499999999999998,-0.2,0.8060803523799516,-0.0018036797203426214,0.26498931586029495
-0.25,-0.17500000000000002,0.7471149778804023,-3.513614213805638e-05,0.2994018847264626
-0.225,-0.17500000000000002,0.7475736575719505,-0.0016393276429154252,0.2974562133946358
-0.2,-0.17500000000000002,0.7486397318074007,-0.003169381443483568,0.2955299213780827
-0.17500000000000002,-0.17500000000000002,0.7502414666364965,-0.0045240403093610715,0.29363648401394327
-0.15000000000000002,-0.17500000000000002,0.752276917854203,-0.005649649193771075,0.29178131209411123
-0.12500000000000003,-0.17500000000000002,0.7546354319279118,-0.006522749409801298,0.2899689851304215
-0.10000000000000003,-0.17500000000000002,0.7572123277808234,-0.0071473525052660886,0.28820705275519
-0.07500000000000004,-0.17500000000000002,0.7599169051464593,-0.007548349062598936,0.28650573693743286
-0.050000000000000044,-0.17500000000000002,0.7626746942496488,-0.007761371683744661,0.28487568822409437
-0.02500000000000005,-0.17500000000000002,0.7654266224519057,-0.007824184578811094,0.2833258984302001
-5.551115123125783e-17,-0.17500000000000002,0.7681271943875773,-0.00777152030626406,0.2818626172437687
0.02499999999999991,-0.17500000000000002,0.7707425541683472,-0.00763281793542489,0.2804891852258386
0.04999999999999993,-0.17500000000000002,0.7732486553902537,-0.007431771620500988,0.27920639183004076
0.07499999999999996,-0.17500000000000002,0.7756295918592012,-0.0071868252425637685,0.2780130212529868
0.09999999999999992,-0.17500000000000002,0.7778761093139785,-0.006912057951163536,0.2769063926081612
0.12499999999999989,-0.17500000000000002,0.7799842987259964,-0.0066181362857214154,0.2758828152930229
0.1499999999999999,-0.17500000000000002,0.7819544555773701,-0.0063131650413117,0.2749379444038308
0.17499999999999993,-0.17500000000000002,0.7837900845520637,-0.006003370874763714,0.2740670480771039
0.1999999999999999,-0.17500000000000002,0.7854970334956108,-0.005693613178851309,0.27326520560844836
0.22499999999999987,-0.17500000000000002,0.7870827476829404,-0.005387746866290566,0.2725274536493939
0.2499999999999999,-0.17500000000000002,0.788555640378633,-0.0050888716451433225,0.27184889380517
0.2749999999999999,-0.17500000000000002,0.7899245767835115,-0.004799500925465439,0.271224771149523
0.2999999999999998,-0.17500000000000002,0.7911984665442082,-0.00452167710448835,0.2706505303198739
0.32499999999999984,-0.17500000000000002,0.7923859567339812,-0.004257052585384169,0.2701218539598413
0.34999999999999987,-0.17500000000000002,0.793495214087248,-0.0040069494507992826,0.26963468709064553
0.3749999999999999,-0.17500000000000002,0.7945337831763908,-0.00377240588672291,0.2691852502572612
0.3999999999999999,-0.17500000000000002,0.7955085064440899,-0.0035542141825170154,0.2687700438117481
0.4249999999999998,-0.17500000000000002,0.7964254924201865,-0.0033529530850652106,0.26838584534012017
0.44999999999999984,-0.17500000000000002,0.7972901197289044,-0.0031690160821934987,0.268029701942748
0.47499999999999987,-0.17500000000000002,0.7981070662599774,-0.003002636519456009,0.2676989188113754
0.4999999999999998,-0.17500000000000002,0.7988803548173252,-0.002853910092875625,0.2673910452988222
0.5249999999999998,-0.17500000000000002,0.7996134084425228,-0.0027228150674511314,0.2671038594504938
0.5499999999999998,-0.17500000000000002,0.800309110298304,-0.002609230465861201,0.26683535176284084
0.5749999999999998,-0.17500000000000002,0.8009698644242385,-0.0025129524106550644,0.2665837087556925
0.5999999999999999,-0.17500000000000002,0.8015976548285622,-0.0024337087651083167,0.26634729679396146
0.6249999999999998,-0.17500000000000002,0.8021941012748874,-0.002371172193065721,0.2661246464690812
0.6499999999999998,-0.17500000000000002,0.8027605107937874,-0.0023249717419297072,0.26591443774973994
0.6749999999999998,-0.17500000000000002,0.8032979244366585,-0.0022947030431149373,0.2657154860323636
0.6999999999999997,-0.17500000000000002,0.8038071591309961,-0.0022799372190782374,0.2655267291612178
0.7249999999999998,-0.17500000000000002,0.8042888447265252,-0.0022802285840441278,0.2653472154428762
0.7499999999999998,-0.17500000000000002,0.8047434564689202,-0.0022951212254953557,0.2651760926471826
-0.25,-0.15000000000000002,0.7471206649769275,-0.00013547590314300084,0.30044972529135494
-0.225,-0.15000000000000002,0.7475954036132921,-0.0024704200459091663,0.29856531748822723
-0.2,-0.15000000000000002,0.7488695498352189,-0.0046617906646214124,0.2966337394833315
-0.17500000000000002,-0.15000000000000002,0.7508201526623733,-0.0065583716873279935,0.29467080194393164
-0.15000000000000002,-0.15000000000000002,0.753288936843433,-0.008090063712032455,0.29268994726886505
-0.12500000000000003,-0.15000000000000002,0.7561151789061653,-0.009237960463690659,0.2907108963917389
-0.10000000000000003,-0.15000000000000002,0.7591542045402895,-0.010022400695411132,0.28876055831843805
-0.07500000000000004,-0.15000000000000002,0.7622852148383656,-0.010488680493759436,0.28686778218321607
-0.050000000000000044,-0.15000000000000002,0.7654125831650427,-0.010692505133337332,0.28505754415459145
-0.02500000000000005,-0.15000000000000002,0.7684642362817358,-0.010689697787029773,0.2833478323436133
-5.551115123125783e-17,-0.15000000000000002,0.7713888105162392,-0.010530542627244316,0.28174929055579145
0.02499999999999991,-0.15000000000000002,0.7741522715919048,-0.010257445211091135,0.2802663901406364
0.04999999999999993,-0.15000000000000002,0.7767344829764731,-0.00990462049647789,0.2788990371875986
0.07499999999999996,-0.15000000000000002,0.7791260809338107,-0.009498859371909613,0.2776440367973889
0.09999999999999992,-0.15000000000000002,0.7813258221969919,-0.009060730949590964,0.27649622632173476
0.12499999999999989,-0.15000000000000002,0.7833384128400787,-0.008605832217622636,0.27544928334195
0.1499999999999999,-0.15000000000000002,0.7851727530771799,-0.008145892331761398,0.2744962787683952
0.17499999999999993,-0.15000000000000002,0.7868405220819799,-0.007689668334912941,0.2736300494953189
0.1999999999999999,-0.15000000000000002,0.7883550429915724,-0.0072436394115037855,0.27284344895846413
0.22499999999999987,-0.15000000000000002,0.7897303865557961,-0.006812535049534024,0.2721295157906922
0.2499999999999999,-0.15000000000000002,0.7909806831189976,-0.006399736699847544,0.2714815865463802
0.2749999999999999,-0.15000000000000002,0.7921196166995272,-0.006007586229262632,0.2708933689275316
0.2999999999999998,-0.15000000000000002,0.7931600750675998,-0.005637625688384454,0.27035898610606135
0.32499999999999984,-0.15000000000000002,0.7941139290081283,-0.00529078533671358,0.269872999349507
0.34999999999999987,-0.15000000000000002,0.7949919141911377,-0.004967531514416104,0.2694304142179936
0.3749999999999999,-0.15000000000000002,0.7958035908024015,-0.004667982587966468,0.2690266744389067
0.3999999999999999,-0.15000000000000002,0.7965573590702638,-0.00439199920336239,0.26865764678935533
0.4249999999999998,-0.15000000000000002,0.797260512506262,-0.004139253872716242,0.2683195997207238
0.44999999999999984,-0.15000000000000002,0.7979193145004975,-0.00390928409639521,0.2680091779527834
0.47499999999999987,-0.15000000000000002,0.7985390874666185,-0.003701532561944859,0.2677233748144745
0.4999999999999998,-0.15000000000000002,0.7991243067816927,-0.0035153773680451084,0.2674595037083884
0.5249999999999998,-0.15000000000000002,0.7996786942282808,-0.003350154672862954,0.2672151697282278
0.5499999999999998,-0.15000000000000002,0.8002053075353193,-0.0032051756675336163,0.2669882421653129
0.5749999999999998,-0.15000000000000002,0.80070662400254,-0.0030797393395900485,0.2667768284008395
0.5999999999999999,-0.15000000000000002,0.8011846171727199,-0.0029731421260541235,0.2665792494915143
0.6249999999999998,-0.15000000000000002,0.8016408261801379,-0.002884685262550063,0.2663940176116649
0.6499999999999998,-0.15000000000000002,0.8020764178342361,-0.0028136804080580724,0.26621981540819073
0.6749999999999998,-0.15000000000000002,0.8024922417613208,-0.0027594539558448705,0.26605547724892703
0.6999999999999997,-0.15000000000000002,0.8028888790758311,-0.0027213503191990396,0.2658999722936162
0.7249999999999998,-0.15000000000000002,0.8032666851241651,-0.0026987343954615883,0.26575238928408734
0.7499999999999998,-0.15000000000000002,0.8036258268655081,-0.0026909933541679337,0.2656119229316467
-0.25,-0.12500000000000003,0.7480465065167741,-0.00016253753357607648,0.30244113335466977
-0.225,-0.12500000000000003,0.7485940520878516,-0.0034352606816914696,0.3005851816952536
-0.2,-0.12500000000000003,0.7501312933614799,-0.006462431578589639,0.2985857682150625
-0.17500000000000002,-0.12500000000000003,0.7524978243729896,-0.009020825394993784,0.2964612993826162
-0.15000000000000002,-0.12500000000000003,0.7554766286881351,-0.011020488667467132,0.29423942366796
-0.12500000000000003,-0.12500000000000003,0.7588460762410043,-0.012454105948023562,0.29196801820122203
-0.10000000000000003,-0.12500000000000003,0.7624087452083532,-0.013368552614570144,0.2897084401885498
-0.07500000000000004,-0.12500000000000003,0.7660030017072418,-0.013840319401639899,0.28751948633198454
-0.050000000000000044,-0.12500000000000003,0.7695059813888728,-0.013956096703508926,0.2854457539746578
-0.02500000000000005,-0.12500000000000003,0.7728319856260595,-0.013799877345794666,0.28351459052415806
-5.551115123125783e-17,-0.12500000000000003,0.7759275682340531,-0.01344569865441042,0.2817386147738736
0.02499999999999991,-0.12500000000000003,0.7787648853261149,-0.012954739615207975,0.2801199688435276
0.04999999999999993,-0.12500000000000003,0.7813349855603822,-0.012375314290665851,0.2786541751231254
0.07499999999999996,-0.12500000000000003,0.7836420481570421,-0.011744378546551928,0.2773329579540007
0.09999999999999992,-0.12500000000000003,0.7856988624121239,-0.011089544496974718,0.27614609544984836
0.12499999999999989,-0.12500000000000003,0.7875234481873241,-0.010431039379115811,0.27508256451050556
0.1499999999999999,-0.12500000000000003,0.789136595803263,-0.009783378189431771,0.2741312269745652
0.17499999999999993,-0.12500000000000003,0.7905601136775324,-0.009156707621870125,0.27328123467012866
0.1999999999999999,-0.12500000000000003,0.7918156164986625,-0.008557859098905898,0.2725222657985992
0.22499999999999987,-0.12500000000000003,0.7929237262188944,-0.007991168621478958,0.2718446590685841
0.2499999999999999,-0.12500000000000003,0.7939035852986192,-0.007459115547782794,0.2712394836059279
0.2749999999999999,-0.12500000000000003,0.7947726002462012,-0.006962820315854948,0.2706985665508628
0.2999999999999998,-0.12500000000000003,0.7955463482409784,-0.006502430464998446,0.2702144916036497
0.32499999999999984,-0.12500000000000003,0.7962385929965722,-0.006077416968237201,0.2697805772528075
0.34999999999999987,-0.12500000000000003,0.7968613685401832,-0.005686798291689887,0.26939084098444266
0.3749999999999999,-0.12500000000000003,0.7974251008381199,-0.005329306642633272,0.26903995431538147
0.3999999999999999,-0.12500000000000003,0.7979387466555166,-0.005003508687706562,0.26872319246902565
0.4249999999999998,-0.12500000000000003,0.7984099364312042,-0.004707891138719195,0.2684363816848179
0.44999999999999984,-0.12500000000000003,0.798845113333361,-0.004440919839405089,0.2681758464371399
0.47499999999999987,-0.12500000000000003,0.7992496643223364,-0.004201079329760438,0.2679383582190687
0.4999999999999998,-0.12500000000000003,0.7996280413675114,-0.0039868983614606696,0.2677210870218693
0.5249999999999998,-0.12500000000000003,0.7999838723273753,-0.0037969655341897474,0.26752155621413093
0.5499999999999998,-0.12500000000000003,0.800320061729751,-0.003629938141431685,0.267337601191264
0.5749999999999998,-0.12500000000000003,0.8006388820275024,-0.0034845464532600734,0.2671673319175006
0.5999999999999999,-0.12500000000000003,0.8009420560238906,-0.003359595002545457,0.26700909930612693
0.6249999999999998,-0.12500000000000003,0.8012308311693516,-0.0032539619496993605,0.26686146526579163
0.6499999999999998,-0.12500000000000003,0.8015060463916,-0.0031665972466832643,0.2667231761682988
0.6749999999999998,-0.12500000000000003,0.8017681920674485,-0.003096520072439851,0.26659313945474994
0.6999999999999997,-0.12500000000000003,0.8020174636932986,-0.003042815842230831,0.2664704030825222
0.7249999999999998,-0.12500000000000003,0.8022538097672414,-0.0030046329806785177,0.2663541375177752
0.7499999999999998,-0.12500000000000003,0.8024769743595701,-0.0029811795756018583,0.26624361999100044
-0.25,-0.10000000000000003,0.74818390429747,-0.0002369430866584199,0.3054758233752075
-0.225,-0.10000000000000003,0.7489295765539068,-0.004644821866061542,0.30359958656219466
-0.2,-0.10000000000000003,0.7508915074271021,-0.008698763503697374,0.30144203433383226
-0.17500000000000002,-0.10000000000000003,0.7538896998893103,-0.012059743283127346,0.2990197477517098
-0.15000000000000002,-0.10000000000000003,0.7576299243629896,-0.014593438510810984,0.2963810615170605
-0.12500000000000003,-0.10000000000000003,0.7617908912179283,-0.016306090877677093,0.2936250760208069
-0.10000000000000003,-0.10000000000000003,0.7660880643133278,-0.01728553370439013,0.2908762407571103
-0.07500000000000004,-0.10000000000000003,0.7702983797604378,-0.017658174042628254,0.2882430493449282
-0.050000000000000044,-0.10000000000000003,0.7742659028066218,-0.017561347072241586,0.2857964535415665
-0.02500000000000005,-0.10000000000000003,0.7778972521564012,-0.017124244990593326,0.2835707605997606
-5.551115123125783e-17,-0.10000000000000003,0.7811496830659828,-0.016456701800895014,0.2815741402704076
0.02499999999999991,-0.10000000000000003,0.7840164748523892,-0.01564550780153718,0.2797992714183423
0.04999999999999993,-0.10000000000000003,0.786513660194299,-0.014755763036667029,0.2782309438043855
0.07499999999999996,-0.10000000000000003,0.7886698511533738,-0.013834464814176911,0.27685066939508307
0.09999999999999992,-0.10000000000000003,0.790519240155468,-0.012914484883977909,0.2756392191026425
0.12499999999999989,-0.10000000000000003,0.7920971700509063,-0.012018088963626106,0.2745779207289604
0.1499999999999999,-0.10000000000000003,0.7934375642683078,-0.011159760755079462,0.2736492759358355
0.17499999999999993,-0.10000000000000003,0.7945716168818504,-0.010348365153273129,0.2728372206704019
0.1999999999999999,-0.10000000000000003,0.7955272875743222,-0.009588768954562857,0.27212720331576745
0.22499999999999987,-0.10000000000000003,0.7963292734250915,-0.008883040805732628,0.27150616964433116
0.2499999999999999,-0.10000000000000003,0.7969992306369966,-0.008231331536022679,0.2709624990745947
0.2749999999999999,-0.10000000000000003,0.797556098135986,-0.007632513596910431,0.27048591480200174
0.2999999999999998,-0.10000000000000003,0.7980164347592505,-0.007084640088795169,0.27006738006300784
0.32499999999999984,-0.10000000000000003,0.7983947247470875,-0.006585269904440097,0.269698987999504
0.34999999999999987,-0.10000000000000003,0.7987036347267704,-0.006131694726035253,0.2693738502159167
0.3749999999999999,-0.10000000000000003,0.7989542221086705,-0.005721095052808808,0.2690859877219286
0.3999999999999999,-0.10000000000000003,0.7991561029234274,-0.005350645590970593,0.26883022693391406
0.4249999999999998,-0.10000000000000003,0.7993175895912832,-0.00501758492864586,0.2686021025632801
0.44999999999999984,-0.10000000000000003,0.7994458083862033,-0.004719260247295368,0.26839776850223324
0.47499999999999987,-0.10000000000000003,0.799546804209069,-0.00445315469599572,0.2682139172269361
0.4999999999999998,-0.10000000000000003,0.79962563783151,-0.004216902777510842,0.2680477077780789
0.5249999999999998,-0.10000000000000003,0.7996864786085379,-0.004008297473887881,0.26789670204403554
0.5499999999999998,-0.10000000000000003,0.7997326940203272,-0.003825291705321837,0.26775880884747477
0.5749999999999998,-0.10000000000000003,0.7997669363141954,-0.003665995931440777,0.2676322352029321
0.5999999999999999,-0.10000000000000003,0.7997912258951166,-0.0035286731635556234,0.2675154440496262
0.6249999999999998,-0.10000000000000003,0.7998070308388067,-0.0034117322831723057,0.2674071177514379
0.6499999999999998,-0.10000000000000003,0.7998153418601628,-0.0033137203025462303,0.2673061266780888
0.6749999999999998,-0.10000000000000003,0.7998167421661706,-0.0032333140207560923,0.26721150222524137
0.6999999999999997,-0.10000000000000003,0.799811471785834,-0.003169311399218569,0.2671224136867508
0.7249999999999998,-0.10000000000000003,0.799799486152676,-0.003120622887476207,0.26703814845274704
0.7499999999999998,-0.10000000000000003,0.7997805088890133,-0.003086262862595085,0.26695809506794654
-0.25,-0.07500000000000004,0.7478361777575401,-0.0002374237444718874,0.30970750370577493
-0.225,-0.07500000000000004,0.7484258741925603,-0.00609758149514697,0.3077164397664266
-0.2,-0.07500000000000004,0.7507018481109375,-0.011523556769668278,0.3052529178490494
-0.17500000000000002,-0.07500000000000004,0.7545286731291485,-0.01598532025376352,0.30231817962192303
-0.15000000000000002,-0.07500000000000004,0.7594804669458721,-0.019202365638357706,0.29898106659094276
-0.12500000000000003,-0.07500000000000004,0.7649849250233818,-0.021184020941176843,0.2954334253037749
-0.10000000000000003,-0.07500000000000004,0.7705411725043328,-0.022102813865378393,0.29192137769734455
-0.07500000000000004,-0.07500000000000004,0.7757975320091478,-0.02218680950772981,0.2886385688887739
-0.050000000000000044,-0.07500000000000004,0.7805477125849274,-0.021668212260654886,0.2856874831745407
-0.02500000000000005,-0.07500000000000004,0.7847019847937403,-0.020752326841955625,0.283097620854711
-5.551115123125783e-17,-0.07500000000000004,0.7882507128822243,-0.019601571848258684,0.280856409209346
0.02499999999999991,-0.07500000000000004,0.7912306148632369,-0.0183339562459732,0.2789322810471488
0.04999999999999993,-0.07500000000000004,0.7936996621780323,-0.01702991423861367,0.27728776556943985
0.07499999999999996,-0.07500000000000004,0.7957213651460302,-0.01574151747802293,0.27588579779960093
0.09999999999999992,-0.07500000000000004,0.7973564287288082,-0.01450084976681671,0.27469232016223694
0.12499999999999989,-0.07500000000000004,0.7986592333197255,-0.013326510679050961,0.2736770899616072
0.1499999999999999,-0.07500000000000004,0.7996770618217381,-0.01222827215889314,0.27281370163933366
0.17499999999999993,-0.07500000000000004,0.8004506575051004,-0.011210256900128258,0.2720793059281609
0.1999999999999999,-0.07500000000000004,0.8010152561750961,-0.010273039199388219,0.2714542383379496
0.22499999999999987,-0.07500000000000004,0.8014016338362977,-0.00941500090321324,0.27092164241002126
0.2499999999999999,-0.07500000000000004,0.8016369680664193,-0.008633191824447717,0.2704671177586264
0.2749999999999999,-0.07500000000000004,0.8017454624887241,-0.00792387152241572,0.2700784008440914
0.2999999999999998,-0.07500000000000004,0.8017487609935113,-0.007282852532688774,0.26974507872342324
0.32499999999999984,-0.07500000000000004,0.8016662079372758,-0.006705722985020229,0.2694583339084706
0.34999999999999987,-0.07500000000000004,0.8015150126843131,-0.0061879967650354945,0.2692107181666162
0.3749999999999999,-0.07500000000000004,0.8013103659393572,-0.005725219454959615,0.2689959531974797
0.3999999999999999,-0.07500000000000004,0.8010655405004865,-0.0053130457899903255,0.26880875618395567
0.4249999999999998,-0.07500000000000004,0.800791995325528,-0.004947297085653765,0.26864468819396803
0.44999999999999984,-0.07500000000000004,0.8004994912442416,-0.004624003206579588,0.2685000233521068
0.47499999999999987,-0.07500000000000004,0.8001962196175598,-0.0043394317883803935,0.2683716366624922
0.4999999999999998,-0.07500000000000004,0.7998889412400911,-0.00409010665301493,0.268256908376563
0.5249999999999998,-0.07500000000000004,0.7995831310071779,-0.003872817090473518,0.2681536428693465
0.5499999999999998,-0.07500000000000004,0.799283123545822,-0.0036846195905715015,0.2680600001076174
0.5749999999999998,-0.07500000000000004,0.7989922555132535,-0.0035228335415344175,0.26797443794891695
0.5999999999999999,-0.07500000000000004,0.7987130011526429,-0.0033850323090009876,0.26789566368622486
0.6249999999999998,-0.07500000000000004,0.7984470986774322,-0.003269030962706976,0.2678225934357286
0.6499999999999998,-0.07500000000000004,0.798195665972069,-0.0031728717420578603,0.26775431814423256
0.6749999999999998,-0.07500000000000004,0.7979593048697979,-0.0030948081646016493,0.2676900751613304
0.6999999999999997,-0.07500000000000004,0.7977381938735898,-0.003033288499082805,0.2676292244753292
0.7249999999999998,-0.07500000000000004,0.797532169629911,-0.0029869391583317376,0.26757122884907875
0.7499999999999998,-0.07500000000000004,0.7973407977679312,-0.0029545484227622085,0.267515637211995
-0.25,-0.050000000000000044,0.7490778384349219,0.00035860664435028583,0.31532485710555624
-0.225,-0.050000000000000044,0.7494586456517089,-0.007458028764978052,0.31300212324190985
-0.2,-0.050000000000000044,0.7521124254694613,-0.01491856878132905,0.3099435786335755
-0.17500000000000002,-0.050000000000000044,0.7571983407627098,-0.0212134934310505,0.30613875355308845
-0.15000000000000002,-0.050000000000000044,0.7641667281615439,-0.025524362604336145,0.3016596592812802
-0.12500000000000003,-0.050000000000000044,0.7718787674722978,-0.027775853339093992,0.2968619411952372
-0.10000000000000003,-0.050000000000000044,0.7793723470291218,-0.02838109375165372,0.2922283829442941
-0.07500000000000004,-0.050000000000000044,0.7861108969629835,-0.027827092233432306,0.28808656767548413
-0.050000000000000044,-0.050000000000000044,0.7918829390840474,-0.026539060351577458,0.2845531540917789
-0.02500000000000005,-0.050000000000000044,0.796674502371675,-0.024846490683781468,0.2816129167379399
-5.551115123125783e-17,-0.050000000000000044,0.8005728289385338,-0.02297836771656723,0.2791955827740926
0.02499999999999991,-0.050000000000000044,0.8037015190534634,-0.02107894789680719,0.27721821217117637
0.04999999999999993,-0.050000000000000044,0.8061844402018332,-0.01923174983861454,0.27560305816064506
0.07499999999999996,-0.050000000000000044,0.8081307013269095,-0.01748132957269663,0.27428319131671497
0.09999999999999992,-0.050000000000000044,0.8096315909204672,-0.015849051531620383,0.27320303022556197
0.12499999999999989,-0.050000000000000044,0.8107626784440628,-0.014343159295811952,0.2723171125446985
0.1499999999999999,-0.050000000000000044,0.8115872318238271,-0.01296471312196977,0.27158847495858124
0.17499999999999993,-0.050000000000000044,0.8121592502414767,-0.011710898245923834,0.2709871306021344
0.1999999999999999,-0.050000000000000044,0.812525618515433,-0.010576793242077581,0.2704887753476264
0.22499999999999987,-0.050000000000000044,0.8127274414623045,-0.009556294969203918,0.2700737257035693
0.2499999999999999,-0.050000000000000044,0.8128007995478683,-0.008642611874145473,0.26972605450827813
0.2749999999999999,-0.050000000000000044,0.8127771732261335,-0.0078285524027049,0.2694328871399417
0.2999999999999998,-0.050000000000000044,0.8126837226149348,-0.007106723032694946,0.26918382691586573
0.32499999999999984,-0.050000000000000044,0.8125435372826879,-0.0064696868062136675,0.2689704852444645
0.34999999999999987,-0.050000000000000044,0.8123759117126433,-0.005910100258578535,0.268786097581129
0.3749999999999999,-0.050000000000000044,0.8121966620123335,-0.005420831848233554,0.2686252101599597
0.3999999999999999,-0.050000000000000044,0.8120184769818499,-0.004995060102860528,0.26848342524379704
0.4249999999999998,-0.050000000000000044,0.8118512871186774,-0.0046263495243250435,0.2683571946824449
0.44999999999999984,-0.050000000000000044,0.8117026336805322,-0.0043087038456757,0.26824365318699195
0.47499999999999987,-0.050000000000000044,0.8115780226784057,-0.00403659797415911,0.2681404840821524
0.4999999999999998,-0.050000000000000044,0.8114812530015296,-0.003804991245316157,0.2680458114687921
0.5249999999999998,-0.050000000000000044,0.8114147122476594,-0.0036093253044400184,0.26795811374962886
0.5499999999999998,-0.050000000000000044,0.8113796375030986,-0.0034455101010696307,0.267876154357007
0.5749999999999998,-0.050000000000000044,0.8113763410462529,-0.0033099012843216258,0.26779892628125307
0.5999999999999999,-0.050000000000000044,0.8114044027695841,-0.003199271875702389,0.26772560764026887
0.6249999999999998,-0.050000000000000044,0.8114628321839703,-0.003110780593694948,0.2676555260663643
0.6499999999999998,-0.050000000000000044,0.8115502033746083,-0.0030419386944636195,0.2675881301271414
0.6749999999999998,-0.050000000000000044,0.8116647663936523,-0.0029905767252615054,0.2675229663563669
0.6999999999999997,-0.050000000000000044,0.811804538443746,-0.002954812185954128,0.26745966076080196
0.7249999999999998,-0.050000000000000044,0.8119673779348096,-0.002933018766897111,0.26739790390159307
0.7499999999999998,-0.050000000000000044,0.8121510441582553,-0.002923797575355172,0.2673374388343896
-0.25,-0.02500000000000005,0.7495024726033739,0.0002127298859715132,0.3213596151646702
-0.225,-0.02500000000000005,0.752387971128871,-0.009671880415179107,0.31855167487319536
-0.2,-0.02500000000000005,0.7572256657726028,-0.019848527899660885,0.314522866498145
-0.17500000000000002,-0.02500000000000005,0.7649633924772253,-0.028886405528071882,0.30939170462312104
-0.15000000000000002,-0.02500000000000005,0.775150232942083,-0.03468885169525658,0.3032351459617393
-0.12500000000000003,-0.02500000000000005,0.7860922422161747,-0.036922530418974114,0.2967247587495673
-0.10000000000000003,-0.02500000000000005,0.7963350943936323,-0.0366541569396996,0.29076515892992566
-0.07500000000000004,-0.02500000000000005,0.8051995982266154,-0.03490285825075861,0.28580751018646844
-0.050000000000000044,-0.02500000000000005,0.8124737429193339,-0.03238626388154488,0.2818833957538589
-0.02500000000000005,-0.02500000000000005,0.8182010641959097,-0.029582071740046102,0.27884609986745784
-5.551115123125783e-17,-0.02500000000000005,0.822547493689122,-0.0267718723405405,0.2765131513627686
0.02499999999999991,-0.02500000000000005,0.8257101666363299,-0.02409762817442543,0.2747204278372383
0.04999999999999993,-0.02500000000000005,0.8278724913307438,-0.02161861330652573,0.273335507707764
0.07499999999999996,-0.02500000000000005,0.8291916666397636,-0.019352106420951656,0.2722563166551279
0.09999999999999992,-0.02500000000000005,0.8298006437612451,-0.017296614908249554,0.2714057696360744
0.12499999999999989,-0.02500000000000005,0.8298134044022234,-0.015443158778511885,0.2707261956517941
0.1499999999999999,-0.02500000000000005,0.829329182720221,-0.013780047674312595,0.2701746355119939
0.17499999999999993,-0.02500000000000005,0.8284348964324555,-0.012294649895708762,0.2697191571215942
0.1999999999999999,-0.02500000000000005,0.8272063304917938,-0.010973985857781254,0.2693360524198616
0.22499999999999987,-0.02500000000000005,0.8257087552832708,-0.009804961282343892,0.2690077309322037
0.2499999999999999,-0.02500000000000005,0.823997437238139,-0.008774537788927818,0.2687211449635854
0.2749999999999999,-0.02500000000000005,0.8221182571122538,-0.007869913530061064,0.26846661520854875
0.2999999999999998,-0.02500000000000005,0.820108489021792,-0.007078707688319773,0.2682369564543602
0.32499999999999984,-0.02500000000000005,0.817997710512327,-0.006389126664787102,0.2680268277151653
0.34999999999999987,-0.02500000000000005,0.8158087837738113,-0.0057900954689908,0.26783224997436017
0.3749999999999999,-0.02500000000000005,0.8135588464233938,-0.005271347543018279,0.2676502489184335
0.3999999999999999,-0.02500000000000005,0.8112602613128613,-0.004823473932210533,0.2674785907286879
0.4249999999999998,-0.02500000000000005,0.8089214897914281,-0.0044379372023368585,0.26731558703030117
0.44999999999999984,-0.02500000000000005,0.8065478673559191,-0.004107057369514645,0.26715995113794067
0.47499999999999987,-0.02500000000000005,0.8041422727051678,-0.003823977271776899,0.2670106922748652
0.4999999999999998,-0.02500000000000005,0.801705690277287,-0.003582614049290181,0.2668670378471555
0.5249999999999998,-0.02500000000000005,0.7992376724853931,-0.003377602249264214,0.26672837640475416
0.5499999999999998,-0.02500000000000005,0.7967367115158874,-0.003204232853035144,0.2665942158270677
0.5749999999999998,-0.02500000000000005,0.7942005322733632,-0.0030583914054864436,0.2664641526924453
0.5999999999999999,-0.02500000000000005,0.7916263184005452,-0.0029364974829110407,0.26633784984870096
0.6249999999999998,-0.02500000000000005,0.7890108827501698,-0.002835446980795138,0.2662150199872227
0.6499999999999998,-0.02500000000000005,0.7863507926173176,-0.0027525581250792824,0.26609541360498845
0.6749999999999998,-0.02500000000000005,0.7836424587325765,-0.00268552168396604,0.26597881016883423
0.6999999999999997,-0.02500000000000005,0.7808821956559809,-0.00263235555375671,0.2658650116134644
0.7249999999999998,-0.02500000000000005,0.7780662599156045,-0.002591363684468287,0.2657538375381445
0.7499999999999998,-0.02500000000000005,0.7751908710665086,-0.0025610991756611634,0.2656451216384982
-0.25,-5.551115123125783e-17,0.7482801347868364,-0.0033643857483045964,0.31589740244799264
-0.225,-5.551115123125783e-17,0.6509604906359892,-0.005975799351911719,0.3136573832123367
-0.2,-5.551115123125783e-17,0.5175638724573657,-0.007010425686906699,0.31107091992864416
-0.17500000000000002,-5.551115123125783e-17,0.35756673461874733,-0.005547134555192183,0.30682932848197736
-0.15000000000000002,-5.551115123125783e-17,0.21004036067097084,-0.003383333493660363,0.30024375370849865
-0.12500000000000003,-5.551115123125783e-17,0.10598937494014285,-0.0013632680319115012,0.29302972714329706
-0.10000000000000003,-5.551115123125783e-17,0.04711047825860572,-0.00018649191316022495,0.28685074422307144
-0.07500000000000004,-5.551115123125783e-17,0.018753050435638352,0.0002907232368896356,0.28216396911481334
-0.050000000000000044,-5.551115123125783e-17,0.006632475201983218,0.00040500240336982475,0.2787879442320065
-0.02500000000000005,-5.551115123125783e-17,0.0020819477031358297,0.0003704530406676044,0.27638778493531707
-5.551115123125783e-17,-5.551115123125783e-17,0.0008035714594530488,0.00028646755199194504,0.27466472406577047
0.02499999999999991,-5.551115123125783e-17,0.0008445155235337181,0.00019165698512598253,0.27339812285694426
0.04999999999999993,-5.551115123125783e-17,0.0013472791066062382,9.945670108661268e-05,0.27243691073852483
0.07499999999999996,-5.551115123125783e-17,0.0019428772351750706,1.4147133922175316e-05,0.2716808114344323
0.09999999999999992,-5.551115123125783e-17,0.0024792208394748905,-6.316676292305076e-05,0.2710639324175527
0.12499999999999989,-5.551115123125783e-17,0.0029013837210545026,-0.00013248728582788738,0.2705429608758075
0.1499999999999999,-5.551115123125783e-17,0.003198063492238064,-0.0001942048590931926,0.2700892673558323
0.17499999999999993,-5.551115123125783e-17,0.003377047699204311,-0.0002488351257429107,0.26968377267835464
0.1999999999999999,-5.551115123125783e-17,0.0034537177643401227,-0.00029691902620117,0.269313641178981
0.22499999999999987,-5.551115123125783e-17,0.0034456059729252586,-0.0003389859140279656,0.2689701493228233
0.2499999999999999,-5.551115123125783e-17,0.003369851350038595,-0.0003755420060954173,0.26864730451593927
0.2749999999999999,-5.551115123125783e-17,0.0032420781786949866,-0.00040706850679925237,0.26834094310754003
0.2999999999999998,-5.551115123125783e-17,0.0030759821002329627,-0.0004340226981739512,0.26804813614918016
0.32499999999999984,-5.551115123125783e-17,0.0028832670076858417,-0.0004568392941523608,0.267766794372411
0.34999999999999987,-5.551115123125783e-17,0.0026737505378111115,-0.00047593118656565823,0.2674954033023283
0.3749999999999999,-5.551115123125783e-17,0.002455543718095426,-0.0004916895012621567,0.2672328441985949
0.3999999999999999,-5.551115123125783e-17,0.0022352556012731877,-0.0005044831741132301,0.2669782721492607
0.4249999999999998,-5.551115123125783e-17,0.0020181975893642326,-0.0005146583176446801,0.26673103258026815
0.44999999999999984,-5.551115123125783e-17,0.001808574943043107,-0.0005225376133336667,0.26649060381423506
0.47499999999999987,-5.551115123125783e-17,0.0016096599017741185,-0.0005284198970350264,0.2662565574341937
0.4999999999999998,-5.551115123125783e-17,0.0014239446001537075,-0.0005325800355561202,0.26602853090116957
0.5249999999999998,-5.551115123125783e-17,0.0012532739808935236,-0.0005352691337365095,0.26580620865200605
0.5499999999999998,-5.551115123125783e-17,0.001098959943800784,-0.0005367150675332642,0.265589309089107
0.5749999999999998,-5.551115123125783e-17,0.0009618784568776281,-0.0005371233093699832,0.26537757567236786
0.5999999999999999,-5.551115123125783e-17,0.0008425515286977308,-0.0005366779952660702,0.2651707708671378
0.6249999999999998,-5.551115123125783e-17,0.0007412159376479336,-0.0005355431762340886,0.26496867207567293
0.6499999999999998,-5.551115123125783e-17,0.0006578805135302829,-0.0005338641963339335,0.2647710689387023
0.6749999999999998,-5.551115123125783e-17,0.0005923736181362902,-0.000531769144165558,0.2645777615749751
0.6999999999999997,-5.551115123125783e-17,0.000544382302081709,-0.0005293703315184137,0.2643885594542879
0.7249999999999998,-5.551115123125783e-17,0.0005134844424701311,-0.0005267657609271205,0.26420328068992693
0.7499999999999998,-5.551115123125783e-17,0.0004991749995643062,-0.0005240405520145535,0.26402175160075547
-0.25,0.02499999999999991,0.7527414224504912,-0.0012061586079017347,0.3151250996878377
-0.225,0.02499999999999991,0.7556834245468532,0.0073048573644113185,0.3134401621779906
-0.2,0.02499999999999991,0.7623248258307962,0.017227285350748883,0.31134210528510514
-0.17500000000000002,0.02499999999999991,0.7728911966808383,0.02648254584296115,0.30767449462783203
-0.15000000000000002,0.02499999999999991,0.7866504695285504,0.03293910570384486,0.3024184294981227
-0.12500000000000003,0.02499999999999991,0.8016804857510684,0.03596411709172125,0.2965035138447339
-0.10000000000000003,0.02499999999999991,0.8159743990701108,0.03622098305180962,0.29084972047236707
-0.07500000000000004,0.02499999999999991,0.8284233774495844,0.03471714997964911,0.2859658609903675
-0.050000000000000044,0.02499999999999991,0.8386493123840524,0.03229715277495965,0.2819915161417064
-0.02500000000000005,0.02499999999999991,0.84660439790197,0.029522403435490924,0.27885788173071974
-5.551115123125783e-17,0.02499999999999991,0.8523872549273428,0.02671927357616792,0.2764193532360663
0.02499999999999991,0.02499999999999991,0.8561788667821328,0.024061161728953402,0.2745250330645618
0.04999999999999993,0.02499999999999991,0.8582003245872867,0.021629988258258792,0.2730463738214854
0.07499999999999996,0.02499999999999991,0.8586768137122743,0.019453656725485574,0.2718825310784303
0.09999999999999992,0.02499999999999991,0.8578142831079826,0.0175288599979083,0.2709571767691531
0.12499999999999989,0.02499999999999991,0.855790156001143,0.01583575350281427,0.2702132672974469
0.1499999999999999,0.02499999999999991,0.8527540240252127,0.014347471233007808,0.2696081976754892
0.17499999999999993,0.02499999999999991,0.8488331811468521,0.0130359556485872,0.26910997470058867
0.1999999999999999,0.02499999999999991,0.8441391294420617,0.011875142045266095,0.2686943838996042
0.22499999999999987,0.02499999999999991,0.8387729367295658,0.01084236588227748,0.26834294604970965
0.2499999999999999,0.02499999999999991,0.8328287077949345,0.009918686940559134,0.26804145259374734
0.2749999999999999,0.02499999999999991,0.8263952652531341,0.009088632877333608,0.2677789110130124
0.2999999999999998,0.02499999999999991,0.8195565126976904,0.00833969102776689,0.26754677703937063
0.32499999999999984,0.02499999999999991,0.812391029032397,0.007661742184152831,0.2673383878193161
0.34999999999999987,0.02499999999999991,0.804971360310176,0.007046536597471176,0.2671485372544628
0.3749999999999999,0.02499999999999991,0.7973633345080662,0.006487253870574729,0.2669731534798692
0.3999999999999999,0.02499999999999991,0.7896255848807459,0.005978155225222451,0.26680905104743335
0.4249999999999998,0.02499999999999991,0.7818093566023303,0.00551432011784498,0.2666537387609006
0.44999999999999984,0.02499999999999991,0.7739585965809981,0.00509145269765101,0.266505269672545
0.47499999999999987,0.02499999999999991,0.766110283894555,0.0047057425918011,0.2663621234762354
0.4999999999999998,0.02499999999999991,0.7582949402209553,0.004353766104070796,0.2662231140669391
0.5249999999999998,0.02499999999999991,0.7505372575027236,0.004032416467271399,0.2660873168029251
0.5499999999999998,0.02499999999999991,0.7428567869079693,0.003738854422208178,0.2659540112710019
0.5749999999999998,0.02499999999999991,0.7352686439278588,0.0034704727089579987,0.2658226362849853
0.5999999999999999,0.02499999999999991,0.7277841960042584,0.003224869918070382,0.26569275454878977
0.6249999999999998,0.02499999999999991,0.7204117096507165,0.0029998305637207595,0.26556402495515896
0.6499999999999998,0.02499999999999991,0.7131569428263271,0.0027933092702964596,0.26543618091256116
0.6749999999999998,0.02499999999999991,0.7060236751547292,0.0026034176876911716,0.26530901342531454
0.6999999999999997,0.02499999999999991,0.6990141735864126,0.0024284132445026377,0.26518235791594585
0.7249999999999998,0.02499999999999991,0.6921295945635053,0.002266689176269966,0.2650560839888047
0.7499999999999998,0.02499999999999991,0.6853703259844076,0.002116765477948132,0.26493008750123054
-0.25,0.04999999999999993,0.7533360243393388,-0.00024124179459071582,0.3103276682773172
-0.225,0.04999999999999993,0.7532384070671678,0.005847964147253179,0.30944786512283656
-0.2,0.04999999999999993,0.7552147562557519,0.012583429828299734,0.30767110441832973
-0.17500000000000002,0.04999999999999993,0.7596268741232575,0.018733738159087333,0.30471555434552916
-0.15000000000000002,0.04999999999999993,0.7659962237512942,0.023251916110201797,0.30080806948822353
-0.12500000000000003,0.04999999999999993,0.7732974010463323,0.025886844508941166,0.2964445339443801
-0.10000000000000003,0.04999999999999993,0.7805452615275527,0.026851766060169202,0.2921169066941084
-0.07500000000000004,0.04999999999999993,0.7870657976851234,0.026531820867066742,0.2881706321120396
-0.050000000000000044,0.04999999999999993,0.792542592666672,0.025358170004795587,0.28477356353727284
-0.02500000000000005,0.04999999999999993,0.7969419109697577,0.023702870334401736,0.2819535915490564
-5.551115123125783e-17,0.04999999999999993,0.800395471935653,0.02183138488913132,0.27965793061350375
0.02499999999999991,0.04999999999999993,0.8031065276400801,0.019915602627938372,0.27780184774065847
0.04999999999999993,0.04999999999999993,0.8052905095345073,0.0180624465595716,0.27629768399350335
0.07499999999999996,0.04999999999999993,0.8071395045250824,0.016334337101463918,0.27506806130258876
0.09999999999999992,0.04999999999999993,0.8088042609692411,0.014761597196553768,0.2740497942505315
0.12499999999999989,0.04999999999999993,0.8103906135558673,0.013351723454327745,0.27319339739505943
0.1499999999999999,0.04999999999999993,0.8119657317766054,0.01209757679169627,0.27246097850215767
0.17499999999999993,0.04999999999999993,0.8135685973179706,0.010984300800871781,0.27182385377965307
0.1999999999999999,0.04999999999999993,0.8152202912513452,0.009994408348261936,0.2712604176727478
0.22499999999999987,0.04999999999999993,0.8169318295883101,0.009110930703180017,0.2707544150578883
0.2499999999999999,0.04999999999999993,0.818709103718572,0.008318965568137507,0.2702936038223403
0.2749999999999999,0.04999999999999993,0.8205554745224082,0.0076061378500993995,0.2698687432914954
0.2999999999999998,0.04999999999999993,0.8224728574624961,0.006962451837407575,0.2694728370911322
0.32499999999999984,0.04999999999999993,0.8244620304538788,0.006379883836480894,0.26910056846875097
0.34999999999999987,0.04999999999999993,0.8265226561165657,0.005851926190376333,0.2687478791772539
0.3749999999999999,0.04999999999999993,0.8286532815928247,0.005373186380358164,0.2684116549918579
0.3999999999999999,0.04999999999999993,0.8308514172994985,0.004939076442568191,0.268089490490614
0.4249999999999998,0.04999999999999993,0.8331137038099078,0.004545591363401276,0.2677795129228143
0.44999999999999984,0.04999999999999993,0.8354361359532557,0.0041891598399444036,0.26748025026561967
0.47499999999999987,0.04999999999999993,0.837814304648886,0.0038665475515088435,0.267190532409863
0.4999999999999998,0.04999999999999993,0.8402436237683922,0.003574795472139382,0.2669094172194673
0.5249999999999998,0.04999999999999993,0.8427195210952666,0.003311179978618309,0.2666361352712312
0.5499999999999998,0.04999999999999993,0.8452375837437787,0.0030731856738328983,0.26637004861284996
0.5749999999999998,0.04999999999999993,0.8477936569724255,0.0028584852006149006,0.26611062002335517
0.5999999999999999,0.04999999999999993,0.8503839007887555,0.002664922722812886,0.2658573901238934
0.6249999999999998,0.04999999999999993,0.8530048115532446,0.0024904993224630703,0.2656099603402541
0.6499999999999998,0.04999999999999993,0.8556532166816702,0.002333359509364044,0.26536798021395214
0.6749999999999998,0.04999999999999993,0.8583262502222664,0.00219177855969431,0.2651311379342683
0.6999999999999997,0.04999999999999993,0.861021316104847,0.002064150651097413,0.26489915324809565
0.7249999999999998,0.04999999999999993,0.8637360446155367,0.0019489778555921086,0.2646717721193886
0.7499999999999998,0.04999999999999993,0.8664682463886825,0.001844860063025408,0.26444876267199346
-0.25,0.07499999999999996,0.7544241280853035,0.00026609638624386367,0.307197763108797
-0.225,0.07499999999999996,0.7547531750787738,0.004917102894675791,0.3058958544163065
-0.2,0.07499999999999996,0.7565714263524037,0.009754513513813123,0.3038611765119778
-0.17500000000000002,0.07499999999999996,0.7599835939056336,0.014065526007546895,0.30107776431203265
-0.15000000000000002,0.07499999999999996,0.764662196111915,0.01737679716999386,0.2977421684609516
-0.12500000000000003,0.07499999999999996,0.7700506334271724,0.019583216666006445,0.2941506187281628
-0.10000000000000003,0.07499999999999996,0.7756031522695978,0.020767989255896513,0.29059141667628197
-0.07500000000000004,0.07499999999999996,0.7808940278343365,0.021098230784073448,0.28728015873346846
-0.050000000000000044,0.07499999999999996,0.7856453273297802,0.020785583304438936,0.28433873882186755
-0.02500000000000005,0.07499999999999996,0.7897081156664922,0.02003656594514841,0.28180783771889895
-5.551115123125783e-17,0.07499999999999996,0.7930235250968374,0.019013844209873447,0.27967413493185017
0.02499999999999991,0.07499999999999996,0.7955925442890679,0.017830070978750688,0.2778962137253023
0.04999999999999993,0.07499999999999996,0.7974619543722501,0.016561781861141857,0.27642254080014256
0.07499999999999996,0.07499999999999996,0.7987162684680287,0.015264511937766019,0.275201681973615
0.09999999999999992,0.07499999999999996,0.7994662161095003,0.013981103206064584,0.27418715280194317
0.12499999999999989,0.07499999999999996,0.7998327539836525,0.012744145785493766,0.2733391451341431
0.1499999999999999,0.07499999999999996,0.7999309939967381,0.011576131897859263,0.27262463455722624
0.17499999999999993,0.07499999999999996,0.7998585591549279,0.010489868818108275,0.27201675060048475
0.1999999999999999,0.07499999999999996,0.7996902384616231,0.00948994774663537,0.2714938874368044
0.22499999999999987,0.07499999999999996,0.799478196060159,0.008574957230787862,0.2710387945961586
0.2499999999999999,0.07499999999999996,0.7992556658680372,0.007739809870068191,0.2706377539250858
0.2749999999999999,0.07499999999999996,0.7990419910966551,0.006977695643222592,0.2702798785867469
0.2999999999999998,0.07499999999999996,0.7988474736951906,0.006281451530366744,0.26995653568890693
0.32499999999999984,0.07499999999999996,0.7986772416366426,0.005644359437793622,0.2696608797193886
0.34999999999999987,0.07499999999999996,0.7985339238036255,0.005060500316617353,0.2693874796026568
0.3749999999999999,0.07499999999999996,0.7984192623865785,0.004524820227540416,0.2691320224217564
0.3999999999999999,0.07499999999999996,0.7983349300770062,0.00403304217146265,0.2688910788590493
0.4249999999999998,0.07499999999999996,0.7982828291866032,0.003581517935527974,0.26866191786090776
0.44999999999999984,0.07499999999999996,0.7982650990262976,0.003167076018562129,0.2684423603606487
0.47499999999999987,0.07499999999999996,0.7982839905853814,0.002786892779225607,0.26823066390581174
0.4999999999999998,0.07499999999999996,0.7983417067062359,0.0024383954098613422,0.2680254316983393
0.5249999999999998,0.07499999999999996,0.7984402600153508,0.0021191952441517864,0.26782554090004296
0.5499999999999998,0.07499999999999996,0.798581370346655,0.0018270455625105028,0.2676300861300461
0.5749999999999998,0.07499999999999996,0.7987664053899718,0.0015598170981616852,0.2674383349349556
0.5999999999999999,0.07499999999999996,0.7989963591461378,0.0013154851691274463,0.2672496926896428
0.6249999999999998,0.07499999999999996,0.7992718592291479,0.0010921237075480414,0.26706367492259875
0.6499999999999998,0.07499999999999996,0.7995931936974454,0.0008879028524291996,0.26687988548386055
0.6749999999999998,0.07499999999999996,0.7999603492950966,0.0007010879553321706,0.2666979993087415
0.6999999999999997,0.07499999999999996,0.8003730547489466,0.0005300387433398585,0.26651774879541223
0.7249999999999998,0.07499999999999996,0.8008308245563208,0.000373208004123729,0.2663389130234399
0.7499999999999998,0.07499999999999996,0.8013330002526193,0.0002291395552006248,0.26616130920534004
-0.25,0.09999999999999992,0.7542646807805267,0.0004080824552309334,0.30474423294446246
-0.225,0.09999999999999992,0.7548318016798292,0.003807210138427927,0.303109049640232
-0.2,0.09999999999999992,0.7566148277051312,0.007204133602389327,0.30094540168182815
-0.17500000000000002,0.09999999999999992,0.7596007291942616,0.010217964916087348,0.298303471231095
-0.15000000000000002,0.09999999999999992,0.7635556583817207,0.012633529963586389,0.29533658552749054
-0.12500000000000003,0.09999999999999992,0.7681400010496278,0.014409299332896412,0.29224333353626436
-0.10000000000000003,0.09999999999999992,0.7730072825438503,0.015572395841312751,0.2892110798508593
-0.07500000000000004,0.09999999999999992,0.777859911631559,0.01618317430999458,0.28637937620747517
-0.050000000000000044,0.09999999999999992,0.7824787994783162,0.01633967798158059,0.2838278517711143
-0.02500000000000005,0.09999999999999992,0.7867250368175406,0.016160539384930166,0.28158406189605745
-5.551115123125783e-17,0.09999999999999992,0.7905193992277217,0.015753644846647652,0.2796405841175836
0.02499999999999991,0.09999999999999992,0.793818185982082,0.015197135890341565,0.27797158602639016
0.04999999999999993,0.09999999999999992,0.7965987124254934,0.014539203049673224,0.27654438048808117
0.07499999999999996,0.09999999999999992,0.7988556587337992,0.01380810820292791,0.2753258528714531
0.09999999999999992,0.09999999999999992,0.8006026676708697,0.013022969010471563,0.27428536733874054
0.12499999999999989,0.09999999999999992,0.8018734100765754,0.012200677383125955,0.2733957505458195
0.1499999999999999,0.09999999999999992,0.8027192530438005,0.011358505216925684,0.27263339378181595
0.17499999999999993,0.09999999999999992,0.8032035928369524,0.0105138563195743,0.2719780121632606
0.1999999999999999,0.09999999999999992,0.8033945423349402,0.009682855585421764,0.2714122972426496
0.22499999999999987,0.09999999999999992,0.8033579506064392,0.008878960192595958,0.27092155490551306
0.2499999999999999,0.09999999999999992,0.803152176641488,0.008112154199683322,0.27049336175786287
0.2749999999999999,0.09999999999999992,0.8028251968670026,0.0073888209933133525,0.27011725148070276
0.2999999999999998,0.09999999999999992,0.8024138965066627,0.006712135185833398,0.26978443438147576
0.32499999999999984,0.09999999999999992,0.8019449647843941,0.00608273636751451,0.2694875498193059
0.34999999999999987,0.09999999999999992,0.8014366916269817,0.005499473242676127,0.26922044955223456
0.3749999999999999,0.09999999999999992,0.8009010558232492,0.004960076551437077,0.2689780094140611
0.3999999999999999,0.09999999999999992,0.8003456846692099,0.004461691489906321,0.2687559666003456
0.4249999999999998,0.09999999999999992,0.7997754617754822,0.004001254920912807,0.268550779929201
0.44999999999999984,0.09999999999999992,0.799193713515614,0.0035757348773170217,0.268359510582851
0.47499999999999987,0.09999999999999992,0.7986030015702461,0.0031822634457763788,0.26817972097316567
0.4999999999999998,0.09999999999999992,0.7980055961875168,0.0028181955356593874,0.26800938950546577
0.5249999999999998,0.09999999999999992,0.7974037171348569,0.0024811211995296317,0.26784683915298557
0.5499999999999998,0.09999999999999992,0.7967996217494095,0.0021688522273837496,0.2676906779093608
0.5749999999999998,0.09999999999999992,0.7961956032754876,0.001879397045357667,0.2675397493596028
0.5999999999999999,0.09999999999999992,0.7955939448866278,0.0016109325403704522,0.2673930917957297
0.6249999999999998,0.09999999999999992,0.7949968590929202,0.0013617775293811238,0.2672499044930263
0.6499999999999998,0.09999999999999992,0.7944064300094711,0.0011303700230509695,0.2671095199483102
0.6749999999999998,0.09999999999999992,0.7938245672841819,0.0009152488879226872,0.2669713810558034
0.6999999999999997,0.09999999999999992,0.7932529748201835,0.000715039676902493,0.2668350223548557
0.7249999999999998,0.09999999999999992,0.7926931340618981,0.0005284440189416706,0.2667000546245519
0.7499999999999998,0.09999999999999992,0.7921462998585493,0.0003542318483772122,0.26656615222263447
-0.25,0.12499999999999989,0.7551154363824697,0.00028547934427284455,0.3028884414599342
-0.225,0.12499999999999989,0.755720009838518,0.0027021660539886735,0.30109172726362055
-0.2,0.12499999999999989,0.7571770018917514,0.005050804954552748,0.29891851265741
-0.17500000000000002,0.12499999999999989,0.7594539861585214,0.007127742832813318,0.296428646518313
-0.15000000000000002,0.12499999999999989,0.7624260888019443,0.008828507506401913,0.2937394111592616
-0.12500000000000003,0.12499999999999989,0.765931645810565,0.01014496151943018,0.2909930146791458
-0.10000000000000003,0.12499999999999989,0.769797735688678,0.01109895097475811,0.28832258265885063
-0.07500000000000004,0.12499999999999989,0.7738491488706318,0.011718189917607598,0.2858281408153917
-0.050000000000000044,0.12499999999999989,0.777925696350168,0.012047177311870466,0.2835673975064875
-0.02500000000000005,0.12499999999999989,0.7819005305312519,0.01214860310299043,0.28155984190489747
-5.551115123125783e-17,0.12499999999999989,0.7856855545358277,0.012087979968023348,0.27979813467103853
0.02499999999999991,0.12499999999999989,0.7892239257579974,0.011917709355649321,0.27826035741551297
0.04999999999999993,0.12499999999999989,0.7924783255286774,0.011670830801371143,0.2769193584729086
0.07499999999999996,0.12499999999999989,0.7954222619551247,0.011363664434038079,0.2757483273747421
0.09999999999999992,0.12499999999999989,0.7980366731158244,0.011002398854969252,0.2747233398240683
0.12499999999999989,0.12499999999999989,0.8003104222990917,0.010589561819375745,0.2738240248384249
0.1499999999999999,0.12499999999999989,0.8022421127458979,0.010128433484272788,0.2730333100564203
0.17499999999999993,0.12499999999999989,0.8038412090482063,0.009625086757523903,0.2723368508913469
0.1999999999999999,0.12499999999999989,0.8051275800506142,0.009088573718124014,0.2717224518042961
0.22499999999999987,0.12499999999999989,0.8061295173758425,0.00853001821752919,0.2711795966555273
0.2499999999999999,0.12499999999999989,0.8068807879927642,0.007961290276126388,0.2706991057434262
0.2749999999999999,0.12499999999999989,0.8074174081700813,0.00739373248385234,0.2702728975511385
0.2999999999999998,0.12499999999999989,0.8077747259223854,0.006837198275891722,0.26989382480973434
0.32499999999999984,0.12499999999999989,0.8079851939023185,0.006299494246181467,0.2695555586614849
0.34999999999999987,0.12499999999999989,0.8080769889155568,0.005786204567297587,0.26925250192882283
0.3749999999999999,0.12499999999999989,0.8080734425860063,0.005300811595515223,0.26897971901294637
0.3999999999999999,0.12499999999999989,0.807993120912422,0.004845003890073071,0.2687328748425309
0.4249999999999998,0.12499999999999989,0.8078503357747395,0.004419069361717154,0.2685081786802834
0.44999999999999984,0.12499999999999989,0.8076558765909818,0.004022294347089762,0.268302330809187
0.47499999999999987,0.12499999999999989,0.8074177926234247,0.003653317843745736,0.2681124714697827
0.4999999999999998,0.12499999999999989,0.8071421127712737,0.0033104160807042246,0.26793613215086276
0.5249999999999998,0.12499999999999989,0.8068334430101576,0.002991712061216109,0.26777118964529384
0.5499999999999998,0.12499999999999989,0.8064954228715321,0.0026953168650732037,0.2676158233278032
0.5749999999999998,0.12499999999999989,0.8061310490929403,0.0024194154047181976,0.2674684760126775
0.5999999999999999,0.12499999999999989,0.8057428885174449,0.002162310807949354,0.2673278185913319
0.6249999999999998,0.12499999999999989,0.8053332069078329,0.0019224404455085511,0.2671927184862665
0.6499999999999998,0.12499999999999989,0.8049040391226372,0.001698374240747716,0.2670622118180842
0.6749999999999998,0.12499999999999989,0.8044572219571171,0.0014888032228330683,0.2669354790777693
0.6999999999999997,0.12499999999999989,0.8039944058639463,0.0012925238364945302,0.26681182402835946
0.7249999999999998,0.12499999999999989,0.803517056904414,0.00110842152808565,0.26669065552389204
0.7499999999999998,0.12499999999999989,0.8030264562050096,0.0009354556359201516,0.2665714719222208
-0.25,0.1499999999999999,0.7543487702819704,6.503617904430464e-05,0.30160263061372616
-0.225,0.1499999999999999,0.7548720573652093,0.0017741257950691855,0.2997580669115043
-0.2,0.1499999999999999,0.7559992510653109,0.0034123592285247167,0.29764202363270453
-0.17500000000000002,0.1499999999999999,0.7576841758613849,0.004856328636154157,0.29530733111943513
-0.15000000000000002,0.1499999999999999,0.7598454395912386,0.00603574357175702,0.29284217034285137
-0.12500000000000003,0.1499999999999999,0.7624005844854794,0.006946640015823721,0.2903511721029508
-0.10000000000000003,0.1499999999999999,0.7652717389906087,0.00761670314737109,0.28793393452272037
-0.07500000000000004,0.1499999999999999,0.7683745715299605,0.008079780666728188,0.28566820155742156
-0.050000000000000044,0.1499999999999999,0.7716169212010047,0.00837224784307581,0.28360178082878784
-0.02500000000000005,0.1499999999999999,0.7749105033010733,0.008533256621312706,0.28175336853895044
-5.551115123125783e-17,0.1499999999999999,0.7781833201623565,0.008599976751928466,0.2801192760972692
0.02499999999999991,0.1499999999999999,0.7813839695348017,0.008601796154084601,0.27868206896781095
0.04999999999999993,0.1499999999999999,0.7844779354594942,0.008557689733371052,0.2774181677447455
0.07499999999999996,0.1499999999999999,0.7874405046822821,0.008476937283169526,0.2763031466028967
0.09999999999999992,0.1499999999999999,0.7902507621425665,0.008361690496330683,0.27531471924827416
0.12499999999999989,0.1499999999999999,0.7928887950214989,0.00821011707483383,0.2744339744653419
0.1499999999999999,0.1499999999999999,0.7953359511148621,0.008019331984321323,0.2736455173845035
0.17499999999999993,0.1499999999999999,0.797576775911429,0.007787625368273356,0.272937049444125
0.1999999999999999,0.1499999999999999,0.7996011350996088,0.00751574530747709,0.27229874533426507
0.22499999999999987,0.1499999999999999,0.80140554818155,0.007207247763782246,0.2717226326570027
0.2499999999999999,0.1499999999999999,0.8029934040506548,0.006868123969983195,0.2712020707014572
0.2749999999999999,0.1499999999999999,0.8043741966711173,0.006506004450363721,0.27073135671783877
0.2999999999999998,0.1499999999999999,0.8055621337083136,0.006129225311248099,0.27030545179082
0.32499999999999984,0.1499999999999999,0.8065744935132728,0.005745969315926795,0.26991980324952697
0.34999999999999987,0.1499999999999999,0.8074300296665391,0.005363605277749775,0.26957023760164733
0.3749999999999999,0.1499999999999999,0.8081476173330555,0.004988271592784192,0.2692529009137394
0.3999999999999999,0.1499999999999999,0.8087452378623416,0.004624693867057862,0.2689642285237346
0.4249999999999998,0.1499999999999999,0.809239320500502,0.004276193266210725,0.2687009309868645
0.44999999999999984,0.1499999999999999,0.8096444058382131,0.0039448279066699385,0.2684599874196243
0.47499999999999987,0.1499999999999999,0.8099730641454281,0.0036316094383913936,0.268238640723308
0.4999999999999998,0.1499999999999999,0.810235990351037,0.003336745838260005,0.2680343916001292
0.5249999999999998,0.1499999999999999,0.8104422014844002,0.0030598746464276655,0.26784498996223666
0.5499999999999998,0.1499999999999999,0.8105992760989613,0.002800264679592039,0.2676684234290386
0.5749999999999998,0.1499999999999999,0.8107135928666798,0.002556976162306185,0.26750290325276516
0.5999999999999999,0.1499999999999999,0.8107905427442436,0.0023289780346405636,0.267346848330834
0.6249999999999998,0.1499999999999999,0.8108347032062754,0.0021152267538803865,0.2671988680619614
0.6499999999999998,0.1499999999999999,0.8108499729979277,0.0019147136818171845,0.26705774476537614
0.6749999999999998,0.1499999999999999,0.8108396718321784,0.0017264888842350654,0.26692241627248486
0.6999999999999997,0.1499999999999999,0.8108066122296562,0.0015496686235513951,0.2667919591619105
0.7249999999999998,0.1499999999999999,0.8107531512495556,0.0013834326249626688,0.2666655729699758
0.7499999999999998,0.1499999999999999,0.8106812290904195,0.001227015785530347,0.2665425655850759
-0.25,0.17499999999999993,0.7537254078383822,-0.00012229440458392388,0.3007837367071671
-0.225,0.17499999999999993,0.7540985516062034,0.0010549252795470088,0.29895093621931623
-0.2,0.17499999999999993,0.7549263508878397,0.002184468887779456,0.296918429875051
-0.17500000000000002,0.17499999999999993,0.7561658580776205,0.0031852446594517886,0.2947286931445859
-0.15000000000000002,0.17499999999999993,0.7577519977573047,0.003996310847112862,0.2924474621518434
-0.12500000000000003,0.17499999999999993,0.7596232559274151,0.004602657663744639,0.29015263059458957
-0.10000000000000003,0.17499999999999993,0.7617305538828831,0.00502659307718667,0.2879205035233217
-0.07500000000000004,0.17499999999999993,0.7640296620299897,0.005307677947081736,0.28581385719056146
-0.050000000000000044,0.17499999999999993,0.7664732954341726,0.005487448396901122,0.2838749191352145
-0.02500000000000005,0.17499999999999993,0.769011879873295,0.005600592119952563,0.2821241243153798
-5.551115123125783e-17,0.17499999999999993,0.771600035800889,0.005671080075740784,0.28056339511407646
0.02499999999999991,0.17499999999999993,0.7742023021683331,0.005712744672877648,0.2791816645452536
0.04999999999999993,0.17499999999999993,0.7767944543857771,0.0057325019665559335,0.27796055931292174
0.07499999999999996,0.17499999999999993,0.779360538749577,0.0057335022166987715,0.276879001694937
0.09999999999999992,0.17499999999999993,0.7818879461518522,0.005716781469088335,0.2759163264558745
0.12499999999999989,0.17499999999999993,0.7843631301617131,0.005681737873485186,0.2750540355349131
0.1499999999999999,0.17499999999999993,0.7867695466399228,0.005626383644324585,0.2742765290604926
0.17499999999999993,0.17499999999999993,0.7890880105627471,0.005547943848736685,0.27357117216334725
0.1999999999999999,0.17499999999999993,0.7912986810653456,0.005443783217340729,0.2729279917021469
0.22499999999999987,0.17499999999999993,0.7933835592164552,0.005312332995452036,0.2723392112649935
0.2499999999999999,0.17499999999999993,0.795328579381122,0.005153704336001305,0.2717987564530398
0.2749999999999999,0.17499999999999993,0.7971248070523087,0.004969850777599677,0.27130180444480545
0.2999999999999998,0.17499999999999993,0.7987686752124967,0.004764322090109553,0.27084441183697416
0.32499999999999984,0.17499999999999993,0.8002614653394367,0.004541756991432437,0.27042322936996066
0.34999999999999987,0.17499999999999993,0.8016083454729257,0.004307284953489948,0.27003529759386075
0.3749999999999999,0.17499999999999993,0.8028172591249461,0.004065974739781923,0.2696779104979621
0.3999999999999999,0.17499999999999993,0.8038978771371781,0.003822412608597274,0.2693485319480675
0.4249999999999998,0.17499999999999993,0.8048607306670197,0.0035804404334591824,0.2690447504300882
0.44999999999999984,0.17499999999999993,0.8057165662134129,0.0033430452793153653,0.2687642596604134
0.47499999999999987,0.17499999999999993,0.8064759125549614,0.0031123697882231155,0.2685048551751005
0.4999999999999998,0.17499999999999993,0.8071488226646936,0.0028898045066271458,0.2682644395218273
0.5249999999999998,0.17499999999999993,0.8077447445960587,0.0026761246831686694,0.2680410308881397
0.5499999999999998,0.17499999999999993,0.808272477260769,0.0024716408562702116,0.26783277180704856
0.5749999999999998,0.17499999999999993,0.8087401746288713,0.0022763414189517356,0.2676379359766799
0.5999999999999999,0.17499999999999993,0.8091553715283906,0.0020900140569528394,0.26745493224993805
0.6249999999999998,0.17499999999999993,0.8095250136361779,0.0019123402348361837,0.2672823055489319
0.6499999999999998,0.17499999999999993,0.8098554821842763,0.0017429622356786509,0.2671187348998902
0.6749999999999998,0.17499999999999993,0.8101526098368081,0.0015815256419210375,0.26696302902895075
0.6999999999999997,0.17499999999999993,0.8104216880948973,0.0014277018757844276,0.26681412006318933
0.7249999999999998,0.17499999999999993,0.8106674687355788,0.0012811959201634512,0.2666710558913636
0.7499999999999998,0.17499999999999993,0.8108941625999959,0.0011417440421439481,0.2665329916922274
-0.25,0.1999999999999999,0.754580632841019,-0.00021352732938419855,0.30027935857140003
-0.225,0.1999999999999999,0.7547933889213159,0.0005678211110337408,0.2984831198853734
-0.2,0.1999999999999999,0.7553327681222263,0.0013174021832013313,0.29653651021504734
-0.17500000000000002,0.1999999999999999,0.7561781545444284,0.0019856614140408638,0.2944727463986703
-0.15000000000000002,0.1999999999999999,0.7572866720275077,0.00252241344564557,0.29234097972439604
-0.12500000000000003,0.1999999999999999,0.7586103814743972,0.002904804697514883,0.290199746788749
-0.10000000000000003,0.1999999999999999,0.7601086466293272,0.0031443144432379555,0.28810816726852956
-0.07500000000000004,0.1999999999999999,0.761749742774209,0.0032763767009987427,0.286117536712961
-0.050000000000000044,0.1999999999999999,0.7635066585017319,0.0033432757920743295,0.2842655221706594
-0.02500000000000005,0.1999999999999999,0.7653538651777334,0.0033793618286260124,0.28257395650030814
-5.551115123125783e-17,0.1999999999999999,0.7672675433072624,0.003403965122684406,0.28104989833964866
0.02499999999999991,0.1999999999999999,0.769227949164144,0.0034228535963238688,0.27968877568007655
0.04999999999999993,0.1999999999999999,0.7712214062880526,0.0034346245175625595,0.2784782730056174
0.07499999999999996,0.1999999999999999,0.7732401397624056,0.003436949157024284,0.27740195514564425
0.09999999999999992,0.1999999999999999,0.7752797704435428,0.003429630676432087,0.2764421038312293
0.12499999999999989,0.1999999999999999,0.7773356679522276,0.003414464501011849,0.27558163848501466
0.1499999999999999,0.1999999999999999,0.7793997970316331,0.0033935746321769877,0.274805224847611
0.17499999999999993,0.1999999999999999,0.78145920252389,0.0033678842308304605,0.27409976708538214
0.1999999999999999,0.1999999999999999,0.7834964004014497,0.003336532872374426,0.2734544846053667
0.22499999999999987,0.1999999999999999,0.7854912097510148,0.0032972376472719805,0.272860740584178
0.2499999999999999,0.1999999999999999,0.7874232205156917,0.003247175382955686,0.27231174468433716
0.2749999999999999,0.1999999999999999,0.7892741235954358,0.0031839138336469397,0.27180221205359306
0.2999999999999998,0.1999999999999999,0.7910293841059188,0.0031060721311125528,0.2713280293362143
0.32499999999999984,0.1999999999999999,0.7926790544295172,0.003013590094639168,0.27088595607060134
0.34999999999999987,0.1999999999999999,0.7942177876346737,0.0029076424357337635,0.27047337474126465
0.3749999999999999,0.1999999999999999,0.7956442709366051,0.0027903176215740844,0.2700880929475799
0.3999999999999999,0.1999999999999999,0.7969603501306277,0.002664199457956533,0.2697281950894492
0.4249999999999998,0.1999999999999999,0.7981700866305305,0.0025319652963667894,0.2693919375413715
0.44999999999999984,0.1999999999999999,0.7992789166792215,0.0023960723993037766,0.26907767970843854
0.47499999999999987,0.1999999999999999,0.8002930011609635,0.0022585615545160295,0.2687838430498436
0.4999999999999998,0.1999999999999999,0.8012187864173701,0.002120974551746896,0.2685088906662777
0.5249999999999998,0.1999999999999999,0.8020627512361141,0.001984362750860974,0.26825132102501265
0.5499999999999998,0.1999999999999999,0.8028312928988529,0.0018493563540611935,0.2680096705770542
0.5749999999999998,0.1999999999999999,0.8035307007274946,0.0017162647951526125,0.26778252122111046
0.5999999999999999,0.1999999999999999,0.8041671722368968,0.0015851842345226547,0.2675685096737557
0.6249999999999998,0.1999999999999999,0.8047468387747303,0.0014560955150147992,0.2673663367516287
0.6499999999999998,0.1999999999999999,0.8052757800936897,0.0013289430837822094,0.26717477533567835
0.6749999999999998,0.1999999999999999,0.8057600181415273,0.0012036912328986585,0.266992676370811
0.6999999999999997,0.1999999999999999,0.8062054883958893,0.0010803581712297353,0.26681897267402943
0.7249999999999998,0.1999999999999999,0.8066179921994272,0.0009590309728940635,0.26665268060551106
0.7499999999999998,0.1999999999999999,0.8070031361808059,0.0008398656461878484,0.26649289982818664
-0.25,0.22499999999999987,0.7551475755421947,-0.0002640311974463558,0.29993852685692896
-0.225,0.22499999999999987,0.7553155309208814,0.0002640276281395196,0.2981852121152921
-0.2,0.22499999999999987,0.7556728326803454,0.0007539423536439133,0.29631559563434606
-0.17500000000000002,0.22499999999999987,0.7562261889622184,0.0011819042449177156,0.29435574962432387
-0.15000000000000002,0.22499999999999987,0.7569611880038007,0.001514171876548294,0.2923429403557849
-0.12500000000000003,0.22499999999999987,0.7578506400517155,0.0017302661960131166,0.2903217429539092
-0.10000000000000003,0.22499999999999987,0.7588653507780927,0.0018353915058512,0.28833840851382136
-0.07500000000000004,0.22499999999999987,0.7599808685590268,0.0018577555439206611,0.2864350148383688
-0.050000000000000044,0.22499999999999987,0.7611788145488556,0.0018351686150160154,0.2846448810571043
-0.02500000000000005,0.22499999999999987,0.7624451958145424,0.0017996878920042078,0.28299012926070005
-5.551115123125783e-17,0.22499999999999987,0.7637686796031709,0.0017683263908982588,0.2814814837134217
0.02499999999999991,0.22499999999999987,0.7651403756596826,0.0017430323813805576,0.28011977885216915
0.04999999999999993,0.22499999999999987,0.7665548101381934,0.0017173887856881814,0.27889838867694255
0.07499999999999996,0.22499999999999987,0.7680106647347827,0.0016845913136695964,0.2778058552832306
0.09999999999999992,0.22499999999999987,0.769510055276978,0.0016423987976628557,0.27682822717730143
0.12499999999999989,0.22499999999999987,0.7710562115914538,0.0015938710519739704,0.2759508711956728
0.1499999999999999,0.22499999999999987,0.7726504367949305,0.0015451972286445598,0.275159714616411
0.17499999999999993,0.22499999999999987,0.7742895438934579,0.0015026883124989385,0.274441986605996
0.1999999999999999,0.22499999999999987,0.7759646198627184,0.0014704841539516303,0.27378657398258555
0.22499999999999987,0.22499999999999987,0.777661343623663,0.001449591438815144,0.2731841091735099
0.2499999999999999,0.22499999999999987,0.7793615493219008,0.001438130426809986,0.2726268897859875
0.2749999999999999,0.22499999999999987,0.7810454481126072,0.0014323139546873198,0.272108704301381
0.2999999999999998,0.22499999999999987,0.7826938968830708,0.001427644385270696,0.27162461522180936
0.32499999999999984,0.22499999999999987,0.7842902452846849,0.001419948434078791,0.27117073276040204
0.34999999999999987,0.22499999999999987,0.7858215052938886,0.001406053257298305,0.2707439991780616
0.3749999999999999,0.22499999999999987,0.7872787943301383,0.001384066461007312,0.27034199514520574
0.3999999999999999,0.22499999999999987,0.7886571584750237,0.0013533276482148651,0.26996277378406563
0.4249999999999998,0.22499999999999987,0.7899549691814143,0.0013141475906963962,0.2696047242751751
0.44999999999999984,0.22499999999999987,0.7911731085704233,0.001267455264594701,0.2692664643888583
0.47499999999999987,0.22499999999999987,0.792314131352924,0.0012144497687049186,0.2689467596272094
0.4999999999999998,0.22499999999999987,0.7933815369770313,0.0011563194331161014,0.26864446562208744
0.5249999999999998,0.22499999999999987,0.7943792238602454,0.001094056063599226,0.26835848990644307
0.5499999999999998,0.22499999999999987,0.7953111432382611,0.0010283651895372573,0.2680877690616529
0.5749999999999998,0.22499999999999987,0.7961811312145549,0.0009596559649928185,0.2678312574438871
0.5999999999999999,0.22499999999999987,0.7969928759216889,0.0008880864971316724,0.2675879241072054
0.6249999999999998,0.22499999999999987,0.7977499700153607,0.0008136396525240883,0.267356755075676
0.6499999999999998,0.22499999999999987,0.7984560026658828,0.0007362081306096571,0.26713675869192727
0.6749999999999998,0.22499999999999987,0.7991146551173626,0.0006556733756491739,0.2669269723256554
0.6999999999999997,0.22499999999999987,0.7997297758380834,0.0005719689408417022,0.26672646922382687
0.7249999999999998,0.22499999999999987,0.8003054225783837,0.00048512414017478495,0.26653436470372893
0.7499999999999998,0.22499999999999987,0.8008458677827792,0.0003952877386089598,0.2663498212239764
-0.25,0.2499999999999999,0.7518334312532031,-0.000445312725406391,0.2996382259654219
-0.225,0.2499999999999999,0.7521661160092463,-2.317660271743127e-05,0.2979261104236069
-0.2,0.2499999999999999,0.7525530914138714,0.000333983624984803,0.29612109989012525
-0.17500000000000002,0.2499999999999999,0.7530216770679473,0.0006210351739518102,0.2942440601248037
-0.15000000000000002,0.2499999999999999,0.7535825060876116,0.0008222307474469934,0.2923238861322254
-0.12500000000000003,0.2499999999999999,0.7542308303062706,0.0009273990806433555,0.29039517164674766
-0.10000000000000003,0.2499999999999999,0.7549529620656262,0.0009433304947174537,0.28849459218820794
-0.07500000000000004,0.2499999999999999,0.7557333310109495,0.0008945384192554709,0.2866568660302908
-0.050000000000000044,0.2499999999999999,0.7565588499390459,0.0008140444254756476,0.2849112458895782
-0.02500000000000005,0.2499999999999999,0.7574200065892258,0.0007303254012592034,0.2832792322374711
-5.551115123125783e-17,0.2499999999999999,0.7583101941708241,0.0006579586275702737,0.28177375314518416
0.02499999999999991,0.2499999999999999,0.7592252115178133,0.0005963169756959263,0.28039964008659246
0.04999999999999993,0.2499999999999999,0.7601637990275034,0.0005354124593116155,0.27915498378837134
0.07499999999999996,0.2499999999999999,0.7611286425225088,0.0004643582760554474,0.27803290085673704
0.09999999999999992,0.2499999999999999,0.7621266379913021,0.00037780691933542165,0.2770233221722657
0.12499999999999989,0.2499999999999999,0.7631676630009847,0.00027813576272124607,0.27611455045448824
0.1499999999999999,0.2499999999999999,0.7642620485883717,0.0001738293272203692,0.27529446850588773
0.17499999999999993,0.2499999999999999,0.7654176318619133,7.593699016528871e-05,0.2745513811913951
0.1999999999999999,0.2499999999999999,0.7666373707442744,-5.4840570670039446e-06,0.27387453538036544
0.22499999999999987,0.2499999999999999,0.7679181542480166,-6.376838218010578e-05,0.27325438837775257
0.2499999999999999,0.2499999999999999,0.7692509524666338,-9.655038861473147e-05,0.27268269775014725
0.2749999999999999,0.2499999999999999,0.7706220578437859,-0.00010542409873967595,0.27215249495324745
0.2999999999999998,0.2499999999999999,0.7720149666212427,-9.48461239345666e-05,0.27165799018796005
0.32499999999999984,0.2499999999999999,0.7734124223752052,-7.077682733887952e-05,0.2711944415328587
0.34999999999999987,0.2499999999999999,0.7747982321671864,-3.94306172407724e-05,0.27075800991080634
0.3749999999999999,0.2499999999999999,0.7761586071919159,-6.346687567715392e-06,0.27034561329480905
0.3999999999999999,0.2499999999999999,0.7774829264505743,2.414983963808931e-05,0.2699547882376762
0.4249999999999998,0.2499999999999999,0.7787639446827379,4.912679764487726e-05,0.26958356350127044
0.44999999999999984,0.2499999999999999,0.7799975504067382,6.695057730969622e-05,0.26923034849556426
0.47499999999999987,0.2499999999999999,0.7811822233660097,7.702428371395703e-05,0.26889383785576415
0.4999999999999998,0.2499999999999999,0.7823183475223136,7.945723125265397e-05,0.26857293245773006
0.5249999999999998,0.2499999999999999,0.7834075152436173,7.474252320072844e-05,0.26826667634907303
0.5499999999999998,0.2499999999999999,0.7844519217578584,6.349192792603348e-05,0.26797420841678543
0.5749999999999998,0.2499999999999999,0.7854539071004719,4.6251088263275786e-05,0.26769472712988895
0.5999999999999999,0.2499999999999999,0.7864156642440552,2.3397326112485628e-05,0.2674274663993695
0.6249999999999998,0.2499999999999999,0.7873391022507938,-4.891491908770584e-06,0.26717168048357215
0.6499999999999998,0.2499999999999999,0.7882258342954747,-3.861562210010633e-05,0.26692663591166027
0.6749999999999998,0.2499999999999999,0.7890772518368877,-7.789988645878765e-05,0.266691608563255
0.6999999999999997,0.2499999999999999,0.7898946459955709,-0.0001229261132522988,0.2664658842863029
0.7249999999999998,0.2499999999999999,0.7906793425704775,-0.00017386580002611007,0.2662487617173593
0.7499999999999998,0.2499999999999999,0.7914328254003824,-0.00023082260104908254,0.26603955625576925
